information.content,scale_degree,instance 
2.4575028,2,1
2.4881902,4,1
1.7465432,5,1
2.3660812,2,2
2.0733728,4,2
1.2867087,5,2
